,id,seq
0,1a30,LLDTGADDTVKMIGGIGGFIVLTIIGRNRLLLDTGADDVGGIGGPTPVNII
1,1bcu,IVHWKLVNKELAGDACEGDSGGIVSWGEGCDRKYGFY
2,1bzc,YKNRYRDVTQGLNREKKWPDFGHCSAGIGRSGTFRMGLIQTQ
3,1c5z,IHLHDIKSVYATDSCQGDSGGIVSWGRGCALKPGVY
4,1e66,QDFFSGSEMWNWYGGGFYSGSLVYESAGSWWFRFNESFFLYKLWPMIHGYEI
5,1eby,RLLDTGADDTVLKMIGGIGGFIVLTPVNIIGRNRLLLDTGADDTVLKMIGGIGGFIVLTPVNIIGRN
6,1g2k,RLLDTGADDTVLKMIGGIGGFILTPVNIIGRNRLLLDTGADDTVKMIGGIGGFIVLTPVNIIGRN
7,1gpk,QYDGSMWNPWIYGGGFYSGSSTLVYYESAGGSWWFFEFFYWMIHGYI
8,1gpn,QYDGSEMWNPWIYGGGFYSGSSTLVYYESAGGQSWWFRFEFFYWIHGYI
9,1h22,QYVDEQGSMWNPWIYGGGFYSGSSTLVYYVESAGEWNLFDSIFRFSNEGSFFLLYGALVNWMIHGYEI
10,1h23,QYVDEQGSMWNPWIYGGGFYSGSSTLVYYVESAGQSEWNLFDSIFRFSNEGSFFLLYGALVNWMIHGYEI
11,1k1i,VFCAHCYSNTLDINYYQAKDSCQGDSGGIVSWGSGCAQKPGVY
12,1lpg,IVHQFTKETYDDVRTHEKGRQVSSFIIMAGEDACQGDSGGVSWGEGCARKYGIY
13,1mq6,IVHQFTKETYDDVRHEKGVSSFIITMFCAGEDACQGDSGGHIVSWGEGCARKYGIYT
14,1nc1,GAMESGIGKNTGSAGGLHVSGDAFINGLIAVEMEATRAISDVADSHSFDLADVAFYLP
15,1nc3,GAMSGIGNTGSAGGLHVSGDAFINGLIAVEMEATRAISDVADSHSFLADVFYLP
16,1nvq,QTLGEGYGEVQLAVAVKIVENVVKYLFLEYCSGGELFDHDKPENLLLDKISDFGL
17,1o0h,EAAKFRQHLRKVNTVACKNGQTNCYVACEVPVHFD
18,1o3f,IVYHFCGAAHCYKYLDINYYAKDSCQGDSGGIVSWGSGCAQKPGVY
19,1o5b,ICHLHDIKSYVYAATDACQGDSGIVSWGRGCALKPGVY
20,1owh,IVCTHCFIDYYALHDIKSYYAATDSCQGDSGGIVSWGRGCALKPGVY
21,1oyt,VLCAHCLYPWKYNWRENLDDVNELTIRIMAGDACEGDSGGIVSWGEGCDRKYGFY
22,1p1n,ILEYGKYGAMVAPLTITRFLGISTTDSGSTKEFVRTTAYLLESTMKGYG
23,1p1q,IESYKYGAMVAPLTITRFLGISTTDSGSTKEFTYLLESTMNKGYG
24,1ps3,HNDPGWIYEMIDPFRYSYDDDFYDWHHDGTTAYDERGLG
25,1pxn,EKIGEGTYGVVYKAVVALKVKLLVFEFLHQDLKKFKPQNLLILADFLL
26,1q8t,LGTGSFGRVMLYAMKEVKVMEYVPGGEYDKPENLLIQVTDFGFTFYRRNA
27,1q8u,TLGTGSGRVMLYAMKELVKMVMEYVPGGEMFYDKPENLLIQVTDFNFDYRRNA
28,1qf1,YYNNAFWNVYGTFLGIDVVAHELHYNESDGEIGEDVYSLRDNVHIS
29,1qkt,LMMGLLTNLADRELMWLEILMIGLVRLLFALVEGMIFLMSKGMEHLYSMK
30,1r5y,LNTDSGGYQVQMAFDECTSIQQGSRAVGGLAVGEYLMGVD
31,1s38,VLNLTDSGGYQVSQMAFDECTSIQQGSRAVGGLAVYLMGVDCV
32,1sqa,IVCTHCFIDYYALHDIKQSTDYVYAATDSCQGDSGGIVSWGRGCALKPGVY
33,1syi,IESPYKYGAMVAPLTITRFLGISTLDSGSTKEFTTAFLLESTMNGYG
34,1u1b,ETAAKFRQHMLRKPVNTFVACKNGQTNCYITDCRKIVACEGVPVHFDASV
35,1uto,IVCAHCLDNYYAKDSCQGDSGGIVSWGSGCAQKPGVY
36,1vso,ILEEPYKYGAMVAPLTITRFMLAVRDGSTMTFSMESTSIKGYGW
37,1w4o,AKFRQHMLRKPVNTFKITDCKIVAVHFDASV
38,1y6r,GAMESGIGNTGSAGGLHVSGDAFINGLIAVEMEATRAISDVADSHSFDLADVAFYLP
39,1yc1,FELISNSSDALDKIIIVDTGIGMTDLNNLTIAKSGFGVGFYAVTVITKHWGTKVI
40,1ydr,KTLGTGSGRVMLYAMKELVKMVMEYVAGGEMFSYDKPENLLIQVTDFNFDYRR
41,1ydt,KTLGTGSFGRVMLYAMKILDVELVKMVMEYVAGGEMFYDKPENLLIQVTDFGTFDYRRNA
42,1z6e,IVHQTKETYDDVRHEKGRQVSSFIITMAGYEDACQGDSGGIVSWGEGCARKYGIY
43,1z95,VALLSSLNELGERQLIQYSLMGLMVFAMGWRSLYFALSMQCMIALHFTFLLVDFPMMAEIISVQVI
44,1z9g,YNNAFWVYGFLGDVVAHEHYNESDIGEDVYSLRDVHIS
45,2al5,IESYKYGAMVAPLTITRFLGISGTLDSGSTKEFVTTAYLLESTMNKGYG
46,2br1,QTLGEGAYGEVQLVAVKIENVKLFLEYCSGGELDENLLKISDFG
47,2brb,QTLGEGYGEVQLVAVKIENVKLFLEYCSGGEDENLLKISDFG
48,2c3i,LLGSGGFGSVYSGPVAIKELIRLILERPEVQDDENILIKLIDFG
49,2cbv,ATASQRTHWNEVVHVFNNNYYMWTENAWSNFEWEKF
50,2cet,ATASYQRTHWNEWVVVYVHVFNNGNNYYSHTMWTENGAAWSLNFEWAEKF
51,2fvd,EKIGEGTYGVVYKVVALKKIVKLLLVFEFLHQDLKKFMHKPQNLLIKLADFRL
52,2fxs,ELISNASDALKIIRDSGIGMTELNNLGIAKSGGFYLVISKSGTIL
53,2hb1,RYRDVGLNREKSLKWPDFGVHCSAGIGRSGTRMGLIQTQ
54,2iwx,ELISNASDALDKIIRDSGIGMTELNNLGGVGFYLVISKGTIL
55,2j78,ATASQRTHWNEVHVFNNNYYSTMWTENGAAWSLNFEWAEKF
56,2j7h,ATASQRHWNEVHVFNNNYYMWTENGAAWSNFEWEKF
57,2p15,LSEMMLLTNLADRELMWLEILMIGLVRLLFALLDQKCVEGMVEIFDMLLMSKGMEHLYSMKVLLL
58,2p4y,YSFPLIRIFQGCQFRSVEAVQEITYVHIIYTMLASLMGVLISEGQGFMTRFLLFMEKFIIHLLLY
59,2pog,LMMLLTNLADRELMWLEILMIGLVRSLLFALGVEGMVEIFDMLMSKGMEHLYSM
60,2qbp,YQIRHEASDFCRYRDVSFGLNREKSKWPDFGVHCSAGIGRSGTRRMGLIQTQ
61,2qbq,YQRHRYRDVSFGLNREKSLKWPDFGVHCSAGIGRSGTRRMGLIQTQ
62,2qbr,YRARYRDVSFGLNREKSLKWPDFGVHCSAGIGRSGTRRMGLIQTQ
63,2qe4,LMMGLLTNLADRELMWLEILMIGLVRSLLFALLGVEGMVEIFDMLMSKGMEHLYSM
64,2qnq,RLLDTGADDTVLKMIGGIGGFILTPVNIIGRNRLLDTGADDTVLIGGIGGILPTPVNIIGR
65,2r9w,ELGSVSKPLQVDYANSRVHVSPGDAYGSNKALKTGATGGFGSNNR
66,2v00,IDAYDFDTGSSWISYGDGSSSSSFDTIGLLLAFIADTGTTLYI
67,2v7a,KLGGGQYGEVYETVAVKTEMVQIIIEFMTYGNLLDYEAARNCLVKVADFG
68,2vkm,GKSGQGYLVDTGSSNVPYTQGKWDKFFISWGILGLAYAEIARLWYYKIVDSGTTNLRLLGRFAISQSSTVGAVME
69,2vvn,VEGFYGGPKDHHFFDDMCPTEYNWIMWTGRVIYIWWNFPVSDYVRNPH
70,2vw5,ILELISNASDALDKIIRDSGIGMTAELNNLGIKSTIGFGVGFYSLVISKWGTIL
71,2w4x,VEGFYKHFFDDCPTYNWMWTRVIWWNFVSDYVRNPHQ
72,2w66,VEGFYGGPKDHHFFDDCPTEYNWMWTRVIWWNFPVSDYVRNPH
73,2wbg,ATASYQRTHWNEWVVYHVFNNGFMNNYYSGHFTMGWETENGAAYWSLNFEWKF
74,2wca,VEGFYGKFFDDMCPEYNWMWTGRVIYIWWNFPVSDYVRNPGH
75,2weg,WYWSPNANIQFHFHEHELHLVHFVLAVLGSLTTPPLLCVWNR
76,2wer,FEIVSNASDALDKIIRDSGIGMTELNNLGGVGFYLVISKGTIL
77,2wn9,DTAYSKFGSWVYSQYCCYIDGFTLQYYEQQRSPIAVMFIPADLSSY
78,2wnc,DTYGSWVYSQHYSCCEPYIDTLGFTYEQQRRSPIVMFIPADDSSQ
79,2wtv,RPLGKGKFGNVYLLALKVLLRLILEYAPRGEVYKRDPENLLLKIADFGWSVH
80,2wvt,FHYAAEWTHHEYSMWWFDGTWNRRSGYERACMTNQWGN
81,2x00,DTAYSSMAVKFGSWVYSGEQQHYSCCEPYIDNTQYEQQDRSPIAVVTMFIPADSSYY
82,2xb8,NGPNLGRLGRREPVYGTQLNAGGLTHTEVHISNVHREFRRHIVGLGIYHVALRDAE
83,2xbv,IVHQFTKETYDDVGRTHEKGQVSSFIITMFCAGEDACQGDSGGHIVSWGEGCARKYGIYT
84,2xdl,FELISNSSDALDKIIVDTGIGMTDLNLGTGVGFYSAVITKHGTKVY
85,2xii,FHYAAEWTKHHEYSMWWFDGTWNSRLRRHESGYERRCMTNQWGN
86,2xj7,VEGFYGGPKDHHFFDDCPTEYNWMWTRVISWWNFVSDYVRNPH
87,2xnb,EKIGEGTYGVVYKVALKKIVKLVFEFLHQDLKKFDKPQNLLIKLADFLL
88,2xys,DTAYSKFGSWVYSGQHYSCCPEPYIDGFTLQYEQQRRSVMFIPADSS
89,2y5h,IVFCHQFTKETYDDVREVSSFIIMFADACQGDSGGIVSWGEGCARYGIYT
90,2yfe,LISLMGEDIEVAIRIFQGCQFRSVEAHIYMLALMVLISEGQGMTFLLFMKFHY
91,2yge,ILELISNASDALDRIKIRDSGIGMTELNNLGINSGTIGFGVGFYSLVISKWGTIL
92,2yki,FAFQIAMELISNSSDALKIVDTGIGMTKADLINNLGTIAKSGTFGVGFYSVTVITKAWESFTVGTKV
93,2ymd,DTYGSWVYSEHYSCCEYWEQQRFRTASPQIAVVMFIPAS
94,2zb1,WVAYGSVCRVAVKKLRRELRLLKMVIGLLDYLVTHLMGADLNNHSNLAVKILDFGL
95,2zcq,MHSSFSFAVWAIYAVCRKIDDIDFLTVDYCGVAGTVGVLGLQNIRDEDYAYR
96,2zcr,MHSKFFVYCRDDDYCVAGTVGEVLTLTYVARRLGESLQLINIRDEDNYVMIVFAIEAAYR
97,2zda,VCAHCLYPWKYNWRENLDDVELTIRMAGDACEGDSGGIVSWGEGCDRKYGFY
98,2zy1,MHSFFVIYCRIDDLVDYCVAGTVGEVLTLVARRLGESLQLINIRDDYVFIIAAYR
99,3acw,HSFFVYCRDLYCVAGTVGEVLTLTYVARRLGESLQLINIRVFIIAAY
100,3ag9,TLGTGSFGRVMLYAMKILDKVLQHTEVKMVMEYVPGGEMFSLRYRDLKPENLLIQVTDFGFCGTPEYVLEGYPPFFAI
101,3ao4,YIEWVFIHNHKRYSAGERIVDPLKLAGRWPVKVIIATD
102,3arp,VEWGYRGFIPSVSVGNSFLHDGGWTLSEFGGAVKMYDFYGGWNYYRKWEVWE
103,3arq,WSVGWTYEFGGGAAADKGVGDKMYDFYGGWNQYYRKEVW
104,3aru,GTEFGGGAIGVGYDKIMTYDFYGGWNQAYTAGYRKEVW
105,3arv,WFSSVGWTLEFGGAKMYDFYGGWNYYRKEVWE
106,3ary,WRFSSVGWTLEFGGAKMYDFYGGWNYYRKEVWE
107,3b1m,ILGEKIVIRIFQGCQFRSVEAVHIYMLLMGVLISEGQGMTRFLLFGFMEPKFEHLY
108,3b27,ELISNSSDALKIIIVDTGIGMTDLNLGKGVGFYVTVITKHWGTKV
109,3b5r,VALLSSLNELGERQLIQYSWMGLMVFAMGWRSLYFALMQCMIALHQFTFDLLVDFPMMAIISVQVPIL
110,3b65,VALLSSLNELGERQLIQYSWMGLMVFAMGRSLYFALSMQCMIALHQFTFLVDFPMMAIISVQVPI
111,3b68,VALLSSLNELGERQLAIQYSWMGLMVFAMGWRSLYFALSMQCMIIALHFTFLLVDFPMMAEIISVQVPKI
112,3bgz,LLGSGGFGSVYSGVAIKHVELIRLLILERPEPVQDDHENILIKLIDFG
113,3bv9,IVHCYPWKYNWRENLDDVNEWKLTIRMAGDACEGDSGGIVSWGEGCDRKYGFY
114,3cj4,AHDAPTLWARMIMTAFSLHSYSEINVAPLRVWRHARLFNWAVK
115,3coy,VPTMGALHEGHLALVSIFVNQFYYHFGVLTVVLLVFFGEKDYQLIVGVPTVRELAMSSRNN
116,3coz,VPTMGALHEGHLALVSIFVNQFYHFGVLVVLVFFGEKDYQLIVGVPTVRELAMSSRNN
117,3d4z,HNDPGWIYMIDPFRYSYDDFYDWHHDGTTAYDERGL
118,3d6q,KFQHMLRKPVNTFKITDCRKIAVHFDASV
119,3dd0,WYSPNHANIQFHFHEHELHLVHFGVQLAVLGSLTTPPLLCVWNR
120,3dx1,HNDPGWIYEMIDPFRSYDDFWHHDGTTAYRGL
121,3dx2,HNDPGWIYEMIDPFRYSYDDFYDWHHDGTTAYDERGL
122,3dxg,FQHMLRKPVNTFKNITDCRKIVHFDASV
123,3e5a,RPLGKKFGNVYLLALKVEQLRLLILEYAPLGTVYREKPENLLLGKIADFG
124,3e92,VGAYGSVCARVAVKKLRRELRLLKMVIGLLYLVTHLMGADNIHSNLAVNKILDFGLA
125,3e93,SPVGSSVCAARVAVKKLRRELLLMNVIGLLDYLVTHLMGADNGLYIHIIHRDLSNAKILDFGLD
126,3ebp,PNDNFFETLPEALRIHEYKAAPGYHMATHRF
127,3ehy,HFDGGILAHAHFDEWTNLFLTAVHEIHSGHAVMFPTYKYVF
128,3ejr,HNDPGWIYEMIDPFQRYSYDDFYDRWHHDGTGTAYDDERGLG
129,3f3a,MAGNAVGLGNFLRFYIPVAYYVEQIFFTLSLGFGAINEAGLTSSIAIMDGV
130,3f3c,MAGNAVGLGNFLRFIPVAYYQIFFTLSLGFGAIITYNEAGTSSIAIMQPGV
131,3f3d,MAGNAVGLGNFLRFPVAYYQIFFTLSLFAIYNEAGTSSIAIMGV
132,3f3e,MAGNAVGLGNFLRFIPVAYYQIFFTLSLFAIYNEAGTSSIAIMGV
133,3fcq,YNNAFWVYGFLGDVVAHELHYNESDIGVYLRDVHS
134,3fur,ILVAIRIFQGCQFRSVEAVHIYLLMGVLISEGQGMLKLRPFGDFMEPKFIHLLIY
135,3fv1,ILEEPYKYGAMVAPLTITRFLGISLAVRDGSTMTFVRNSDGILLMESTSIKGYGW
136,3fv2,ILEEYKYGAMVAPLTITRFLGISLAVRDGSTMTFVRNSDGILLMESTSIVKGYGW
137,3g0w,VAFLLSSLNELGERQLWMGLMVFAMGRSLYFALSMQCMIAELHQFTFLLVDFPMAIIV
138,3g2n,YENGGLGRLAFNDNFFRNDTHYTNHTVLEALENGVAHKNGKRYKSTEASGTGNMXDGAY
139,3g2z,MCSTKNYNPALYSDNEPNNTGSDKTGSGTTNDSR
140,3g31,PIAKHMTAELSAAALQYDWGT
141,3gbb,ILEEYKYGAMVAPLTITRFLGISAVRDGSTMTFVKNSDGILLMESTSIVKGYG
142,3gc5,MVTLGNLTDSGGYQVSMAFDECTSIQQGSRAVGGLAVGEMYLMGVGFDCVLR
143,3ge7,MPVGTALGNTYHLLTDSGGYQMAFDECTSIQQGSRAVGGLAVGEMYLMGVGFDCVLR
144,3gnw,KERGFYSPKQRVLDSTSNLNGDDTSCSSNYLTRTPREINSWLGNIIMYAPTWCQIYGACYLHFAGYSGG
145,3gr2,EGSKLQVDYANRVHVSPGADAYGGATGGFNR
146,3gv9,LGSVSKLQVYANSVDAYGSNALKTGATGGFGSNNR
147,3gy4,IVCHLDINSYYAKDSCQGDSGGIVSWGSGCAQKPGVY
148,3ivg,VPTMGALHEGHLALVAVSIFVNQMHGVLTVVLLFFGEKDQIGVPTVRLAMSSRNRL
149,3jvr,ELFDRIEPDIGMKPEYIVTAMLAGELPK
150,3jvs,ELFDRIEPDIGMPKPENLPYIVTAMLAGELPK
151,3jya,LLGSGFGSVYSGPVAIKHELIRLLERPEVQDDENLIKLIDFG
152,3k5v,RVSAVVLLYMATFLLWEIATYRPEGCPEKVYLMFMFISEVEEL
153,3kgp,IVCHCHDIKSYYATDSCQGDSGGIVSWGRGCALKPGVY
154,3kr8,RLFHGSPFVIFDERHAYIGGMFGIYFAENSSKSNQYVYGIGGLLGLAEYV
155,3kwa,WYSPNHAFNIQFHFHEHELHLVHFVLAVLSLTTPPLLCVWR
156,3l7b,YENGGLGRLAFNDNFFRNDTHTNHTVLALNGVAHKNGKRYKTEASGTGNMXDGAY
157,3lka,FDGGILAHHFDEWTNLFLTAVHEIHHAVMFPTYKYVF
158,3mss,SAVVLLYMATFLLWEIATYPEGCPEKVYLMAFTMFQ
159,3myg,RPLGKNVYLLALKEQLRLLILEYAPLGTREKENLLLKIADFG
160,3n76,NGPNLGRLGRREPVYGTHQDLNAGGLTHEVHISNVHREFRRHIVGLGIYHVALRDAAE
161,3n7a,NGPNLLVYLNAGGLTHEVHISNVHREFRRHIVGLGIYVALRDA
162,3n86,NGPNLGRLGRREPVYGQDLNAGGLTHEVHISNVHREFRRHIVGLGYLIHAVALRDACAEL
163,3nq9,APLRVYVLLILLQKWEQKKIIAIANKVLFCMEAQ
164,3nw9,KEWAMNVGKELGAYCGTMEMNPDYATLNGASQDLIFLDHWKDRYDDNVVPGYLEMVD
165,3nx7,FDGGILAHAFHFDEWTNLFLTAVHEIGHSLGHSAVMFPTYKYVF
166,3o9i,RLLDTGADDTVIGGIGGILPTPVNIIGRNRLLDTGADDTVKMIGGIGGFIVLTPVNIIGRN
167,3oe4,EWAMNVGKELGAYCGTMEINPDCATLNGASQDLIFLDHWKDRYDDNVVPGLEM
168,3oe5,EWAMNVGKELGAYCGTMEINPDCATLNGASQDLIFLDHWKDRYDDNVVPGLEYM
169,3ozs,EWAMNVGKLELGAYCGTMEINPDCATLNGASQDLIFLDHWKDRYDDNVVPGYLEM
170,3ozt,EWAMNVGKELGAYCGTMEINPDCATLNGASQDLIFLDHWKDRYDDNVVPGLEM
171,3p5o,FAWPFQQPVDAKLNLDYYIMDMMFNCYYNKDDIVLMA
172,3prs,IDLDDAYDFDTGSSDWSISYGDGSSSFEDSTIGLLLAFTLNTQQGFIADTGTTLYFGIGINIGD
173,3pww,IDLDDAYDFDTGSSDWSISYGDGSSSSSFDTIGLLGLAFLNTQGFWIADTGTTLLYFIGINIFGDV
174,3pxf,YIRLDVAIISLKLDVIHTNKLYLVFLAVPV
175,3pyy,RVNAVVLLYMATIFGVLLWEIATYRPEGCPEVYMFMFES
176,3qgy,EIGSGFGLVHLGKVAIKTMVQLLVFEFMEHGCLSDYRNCLVGVSD
177,3qqs,MMTHGNRAAFAPRFHPSYRHAAAVRRTFNLLGPLTNP
178,3r88,MMHGNRAAFAPRFHPSYRHAAARRFLGT
179,3rlr,IFLELISNSSDALKIINTIVDTGIGMTDLNNLGKGFGVGFYSAVTVITKHWGTKVIL
180,3rr4,LNTYTDSGGYQVSSQMAFDECTSIQQGSRAVGGLAVGEMYLMGVGDCVL
181,3rsx,LVDTGSSNYVPYTQGKWEESDKFFWIGLRYIVDSGTTRV
182,3ryj,WYSPNHANIQFHFHEHELHLVHFGAVQLAVLGGSLTTPPLLCVWNR
183,3syr,YENGGLGRLAFNDNFFRNDTHYTNHTVLALNGVAHKTNGKRYKSTEASGTGNMXDGAY
184,3tsk,FDKGGILAHAHFDEFWGTNLFLTAVHEHHDPKAVMFPTYKYVDIFRLSD
185,3twp,MMHGNRAFAPRFHPSYRHAAARRGT
186,3u5j,FAWPFQQPVDAKLLYYIMDMMFNCYYNKDDIVLMA
187,3u8k,DAYKGSWTHHVTYSCCPEAYEWQQTQVSVTPLARVVVLYMPSY
188,3u8n,DAYKGSWTHHEVTYSCCPEAYEWQQTQVSVITPQLARVVVLYMPSY
189,3u9q,VAIRIFQGCQFRSVVVHIYMFLKLRPFGDFMEKHVLIMLHLLIY
190,3udh,QGLVDTGSSNVPYTQGKWDKFFIWGILGLIYIVDSGTTRTV
191,3ueu,LIVWSPLRVYVEELKLEILLQKEKKIAAFIDALNKVLVLDTLLFCMEAQL
192,3uev,LIVWSAPLRVYVEELKLEILLQKEKKIIAAFIDANKVLVLDTLLFCMQL
193,3uew,LIVWSSAPLRVYVEELKLEILLQKWEAKKIAAFIALNKVLVLDTLLFCMQL
194,3uex,LIVAWSSAPLRVYVEELKPGDLEILLQKWEAKKIAPAVFIDNKVLVLDTLLFCMEAQL
195,3ui7,YHHDHFSNSETLAFTCDLCSVTTTADIYEFIMMEVQGQLGFYVAYW
196,3uo4,RPLGKGKGNVYLLALKEQLRLLEYAPLGTVYRHDKPENLLLGKIADFG
197,3up2,RPLGKGNVYLLALKEQLRLLEYAPLGTVYREKPENLLLKIADFG
198,3uri,IDLDDAYIDFDTGSSDWSISYGDGSSSSFEDTIGLLALNTQGFIADTGTTLLYVGFGFGGQGIGINIGDV
199,3utu,VCAHCLYPWKYNWRENLDDVNELSTRIRIMAGDACEGDSGGIVSWGEGCDRDKYGFY
200,3uuo,YHHDHSSTDLAFTDLCSVTTAIYEFIMMEVPQGQLGFYVAW
201,3wtj,DAYGSWTHHSVTYSCCPEAYEDKWQQTQVSVTPQLARVVLYMPSEY
202,3wz8,IDLDDAYDFDGSWSYGDGSSSSFEDSTIGLLFIDTGTTLYGIGINIGD
203,3zdg,DAYKGSWTHHVTYSCCPEAYEDIWQQTQVSVTPLARVVLYMPSY
204,3zso,VRDQAEHLKTAVQMTGQETAYFLLKSTTVKAACWWA
205,3zsx,VRDQAEHLKTAVMTGQETAYFLLSTTVKAACWWA
206,3zt2,VRDQAEHLKTAVQMTGQETAYFLLKTTVKAACWWA
207,4abg,IVHLNYYAKDSCQGDSGGIVSWGSGCAQKPGVY
208,4agn,YFRQLWVDSTPPPGTRVRPCEPPESDCTTL
209,4agp,YFRQLWVDSTPPPGTRVRPCEPPSDCTTL
210,4agq,YFRQLWVDSTPPPGTRVRPCEPPESDCTTL
211,4bkt,SVNSREPSVFVWLNFQYPRIHSYRGHLWP
212,4cig,VRDQAEHLKTAVQMTGQETAYFLLKTTVKAACWWA
213,4ciw,NGPNLGRLGRRVYQLNAGGLTHEVHISNVHREFRRHIVGLGYHVALRDAE
214,4cr9,VCAHADVYKLYAKDACKGDSGGITSWGEGCAQRPGVY
215,4cra,VTLTTQRHLCGAAHCFYGVADVWGYLRDKIQIYAKDACKGDSGGITSWGEGCAQRPGVY
216,4crc,IVRHLCGAAHCFYGVYAEDVWGYKLRDKIQIYICADACKGDSGGITSWGEGCAQRPGVYT
217,4ddh,VPTMGALHEGHLALVYPFFGEKDQGVPTVRAMSSRNRLLN
218,4ddk,VPTMGALHEGHLALVYFFGEKDQVGVPTVRLAMSSRN
219,4de1,MCSTKVNYNPALYSDNTRTEPTLNTANTGSDKTGSGDYGTTNDQSR
220,4de2,MCSTKVNYNPALYSDNTRTEPTLNTANTGSDKTGSGDYGTTNDQNSR
221,4de3,MCSTKVNYNPALYSDNTRTEPTLNTANTGSDKTGSGDYGTTNDQNSR
222,4djv,KSGQGYLVDTGSSNAVPYTQGKWKFFISWGILGLIRLYIVDSGTTNRVGAVE
223,4dld,ILEEPYVKYGAMVAPLTITRFMLISAVRDGSTMTFVKNSDILLMESTSIYVKGYGW
224,4dli,APEIMLNWMHYNWLILVPELLKKISSESARIVLDSDKR
225,4e5w,RDLGEGHFGKVELVAVKKELVKLIMEFLPSGSLKEHDAARNVLVKIGDFGLDP
226,4e6q,RQLGKGNFGSVEMVAVKKQELVKIMEFLPYGSLREDATRNILVIGDFG
227,4ea2,MHSSFFVIYAVCRKIDDLVYCYGVAGTVGEVLTLVARRLGESLQLINIRDFIAAYI
228,4eky,YENGGLGRLAFNDNFFRENDTHPYTNHTVLEALERWMANGVAHKTNGKRYKSTEASGTGNMXDGAY
229,4eo8,VAHYAPTLWARMIMTAFSLHSYSPEINRVASCLRVPPLRVWRALFNWAVK
230,4eor,EKIGEGTYGVVYKVALKELVKLLLVFEFLHQDLKKFDKPQNLLIKLADFGR
231,4f09,QLGKGNGSVEMVVAVKLVKLIMEYLPYGSLRDYTRNILVKIGDFG
232,4f2w,GAMESGIGNTGSAGGLHVSGDAFINGLIAVEMEARAISDVADSHSFDLADVFYLP
233,4f3c,GAMEESGIGNTGSAGGLHVSGDAFINGLIAVEMEARAISDVADQSHSFDLADVAFGYLPG
234,4f9w,WVGSGAGSVCARVAVKKLELIGLLDVYLVTHLMGADLNNKPSNLAVKILDFL
235,4gfm,QLGKGNGSVEMCVAVKLVKLIMEYLPYGSLRDDATRNILVKIGDFG
236,4gid,GKSGQGYLVDTGSSNYVPYTQGKWDKFFISWGILAYEIARLWYYKIVDSGTTNLRLGRKFAISQSTGTVGAVE
237,4gkm,MHGNRAAFAPRFHPSYRHAAAVRRFNLLGPLTN
238,4gr0,HAFDKGGILAHAFHFDEWGTNLFLTAVHEIHSGHSDPKAVMFPTYKYVDTFRLSD
239,4hge,QQLGKGNFGSVEMVVAVKKQELVKLIMEYLPYGSLRDYKDTRNILVIGDFG
240,4ih5,GFYSPGRVLNDSCSSNLTRPRVNSWLGNIIMYWCQIYGAYHWFY
241,4ih7,GFYSPGQRVLLNDSCSSNYLTRPRNSWLGNIIMYWCQIYGAHFYS
242,4ivb,RDLGEGHFGKVELVAVKELVKLIMEFLPSGSLKEYDAARNVLVKIGDFGL
243,4ivc,RDLGEGHFGKVELQVAVKSKELVKLIMEFLPSGSLKEYDAARNVLVKIGDFG
244,4ivd,RDLGEGHFGKVELVAVKSKELVKLIMEFLPSGSLKEYDAARNVLVKIGDFGL
245,4j21,LFHGSPFIFERHAYIGGMFGIYFAENSSKSNQYVYGIGGGLLEYV
246,4j28,FIHYAAEWWTKHHEYSMWWFDGTWRECMTNQWGN
247,4j3l,LFHGSPFVIFERHAYIGGMFGIYFAENSSKSNQYVYGIGGGLLEYV
248,4jfs,FIHYAAEWWTHHYSMWWFDGTWNRRSERCMTNQWGN
249,4jia,QQLGKGNFGSVEMVAVKELVKLIMEYLPYGSDKRNILVIGDF
250,4jsz,HWGYGKHNGPEHWHKDFPP
251,4jxs,ELGSVSKLQVDYANSIRVHVSPGDAYGSNALKTGATGGFGSNNR
252,4k18,LLGSGGFGSVYSGPVAIKHVELIRLILERPEPVQDLFDFDDENILIKLIDFGS
253,4k77,RDLGEGHGKVELQVAVKSELVKLIMEFLPSGSLEDAARNVLVKIGDFG
254,4kz6,ELGSVSKLQVYANSHVSDAYGSNALKTGATGGFGSNYNR
255,4kzq,RLFHGSPFIFRHAYIGGMFGIYFAENSSKSNQYVYGIGGLLAEYV
256,4kzu,RLFHGSPFVIFRHAYIGGMFGIYFAENSSKSNQYVGIGGLLAEYV
257,4llx,YHHLDLCSVTTAIYFMGQGFYVAW
258,4lzs,AWPFQQPVDLNLYYIMDMMFNCYIYNKDDIVMA
259,4m0y,EIGSGQFGLVHLGKVAIKVQVFEFMEHGCLSDRNCLVSD
260,4m0z,WVKMSEDFIEEAEVMMKLSHLVQLYGVLVFEMYLVIHNLKVSDFGMTRF
261,4mgd,LMMGLLTNLADRELMWLEILMIGLVRSLLFALMIFLMKGMHLMVPLSLLL
262,4mme,MAGYAVDLGNRIPLVVAIYYVENGQIFFSLGLFAINAGLTSSIAGMQPMVDAGTV
263,4ogj,AWPFQQPVDKLNLDYIMDMMFNCYIYNKDDIVMA
264,4owm,MMHGNRFAPRFHPSYRHAAARRGT
265,4pcs,FIHYAAEWSWTKHHYSMWWFDGWRERCMTNQWGN
266,4qac,DLAAYNAKIGSWTHHVTYSCCEAYEDKFIVFWQQTTQVSVTPLARVVEVLYMPSIEYF
267,4qd6,KVAIKTVQLYLVFEFMEHGCLDYARNCLVGVSDFGM
268,4rfm,QEIGSGQFGLVHLGYKVAIKTIMVQLLVFEFMEHGCLDYTQRNCLVVSDF
269,4tmn,YYNNAFWNGSEMVYGFLGDVVAHELTHATDLIYQGNESDIGEVYLRDNVHISRTTLYSYFN
270,4twp,HKLGGGQYGEVYETVAVKTFEMVQIIIEFMTYGNLDHDAARNCLVKVADFGL
271,4ty7,IVLHTTQRHLCGAAHCFYVYADVWGYLDKIQYAKDACKGDSGGITSWGEGCAQRPGVY
272,4u4s,TITYEFSKPFMSLDSKGYGYISKPFMSLSKGYNVLKLSELDK
273,4w9c,SVNRESQVFVLPWLNFQPYPTLGRRIHSYRGHLWFP
274,4w9h,SVNSREPSVFVLPVWLNFQPYPTLPGRRIHSYRGHLWFP
275,4w9i,SVNSRESVFVLPVWLNFQPYPTLGRRIHSYRGHLWFP
276,4w9l,SVNSREPSVFVLPVWLNFQPYPTLGRRIHSYRGHLWFP
277,4wiv,FAWPFQQPVDAKLLYYIMDMMFNCYIYNKDDIVMAL
278,4x6p,IVTLHTQRHLCGAAHCFYGVQYADVWGYKLDKIQIYICAKDACKGDSGGITSWGEGCAQRPGVYT
279,5a7b,YFRQLWVDSTPPPGTRVRPCEPPESDCTTL
280,5aba,YFRQLWVDSTPPPGTVPCEPPSDCTTL
281,5c28,YHHTLTCDLCSVTTTAIYFWMMVGQLGFYVAYW
282,5c2h,PYHHDHGFSNETDLATCDLCSVTTTADIYAEFWEIPMMDRDKKDEVPQGQLGFYVAYW
283,5dwr,LLGSGGFGSVYSGPVAIKHELIRLILERPEPVQDLFDDKDENILIKLIDFGS
284,5tmn,YNNAFWNGSEVYGTFLGDVVHELHDYNESDIGEVYLRDNVHISTLYYFWNVN
